{"cameraMode":{"drawMode":0,"name":"Shaded","section":"Shading Mode"},"sceneLighting":true,"audioPlay":false,"sceneViewState":{"showFog":true,"showMaterialUpdate":false,"showSkybox":true,"showFlares":true,"showImageEffects":true,"showParticleSystems":true},"in2DMode":false,"pivot":{"x":2.9656548500061037,"y":3.315688133239746,"z":-19.26841926574707},"rotation":{"x":0.01618902012705803,"y":-0.008401975966989994,"z":-0.00013610496534965932,"w":-0.9998336434364319},"size":22.57085609436035,"orthographic":false}