{"cameraMode":{"drawMode":0,"name":"Shaded","section":"Shading Mode"},"sceneLighting":true,"audioPlay":false,"sceneViewState":{"showFog":true,"showMaterialUpdate":false,"showSkybox":true,"showFlares":true,"showImageEffects":true,"showParticleSystems":true},"in2DMode":false,"pivot":{"x":396.3780517578125,"y":214.71873474121095,"z":0.0},"rotation":{"x":0.01618902012705803,"y":-0.008401975966989994,"z":-0.00013610496534965932,"w":-0.9998336434364319},"size":283.6758117675781,"orthographic":false}