{"cameraMode":{"drawMode":0,"name":"Shaded","section":"Shading Mode"},"sceneLighting":false,"audioPlay":false,"sceneViewState":{"showFog":true,"showMaterialUpdate":false,"showSkybox":false,"showFlares":true,"showImageEffects":true,"showParticleSystems":true},"in2DMode":false,"pivot":{"x":-0.6281828880310059,"y":2.9104886054992677,"z":-5.213381767272949},"rotation":{"x":0.002690028864890337,"y":0.0005964294541627169,"z":0.0000016206491864068085,"w":-0.9999962449073792},"size":5.474769592285156,"orthographic":false}