{"cameraMode":{"drawMode":0,"name":"Shaded","section":"Shading Mode"},"sceneLighting":true,"audioPlay":false,"sceneViewState":{"showFog":true,"showMaterialUpdate":false,"showSkybox":true,"showFlares":true,"showImageEffects":true,"showParticleSystems":true},"in2DMode":false,"pivot":{"x":-7.769097805023193,"y":-0.31790971755981448,"z":3.963489532470703},"rotation":{"x":-0.10176680982112885,"y":0.18744808435440064,"z":-0.019529186189174653,"w":-0.9767934679985046},"size":27.52174186706543,"orthographic":false}